{
    "affinity_pred_value": -1.3919403553009033,
    "affinity_probability_binary": 0.8993772268295288,
    "affinity_pred_value1": -1.6407203674316406,
    "affinity_probability_binary1": 0.9512860774993896,
    "affinity_pred_value2": -1.143160343170166,
    "affinity_probability_binary2": 0.8474684357643127
}