{
    "confidence_score": 0.9795172810554504,
    "ptm": 0.9842029809951782,
    "iptm": 0.9723194241523743,
    "ligand_iptm": 0.9723194241523743,
    "protein_iptm": 0.0,
    "complex_plddt": 0.9813167452812195,
    "complex_iplddt": 0.9622785449028015,
    "complex_pde": 0.2960011959075928,
    "complex_ipde": 0.4050152599811554,
    "chains_ptm": {
        "0": 0.9866247177124023,
        "1": 0.932959794998169
    },
    "pair_chains_iptm": {
        "0": {
            "0": 0.9866247177124023,
            "1": 0.7092790603637695
        },
        "1": {
            "0": 0.9723194241523743,
            "1": 0.932959794998169
        }
    }
}