{
    "affinity_pred_value": -0.6217827796936035,
    "affinity_probability_binary": 0.7314168810844421,
    "affinity_pred_value1": -0.19620609283447266,
    "affinity_probability_binary1": 0.7232421636581421,
    "affinity_pred_value2": -1.0473594665527344,
    "affinity_probability_binary2": 0.7395915985107422
}