{
    "confidence_score": 0.9638387560844421,
    "ptm": 0.9761250615119934,
    "iptm": 0.9288003444671631,
    "ligand_iptm": 0.9288003444671631,
    "protein_iptm": 0.0,
    "complex_plddt": 0.9725983142852783,
    "complex_iplddt": 0.9290964603424072,
    "complex_pde": 0.3545314073562622,
    "complex_ipde": 0.554686963558197,
    "chains_ptm": {
        "0": 0.9845626950263977,
        "1": 0.8688790202140808
    },
    "pair_chains_iptm": {
        "0": {
            "0": 0.9845626950263977,
            "1": 0.6493543982505798
        },
        "1": {
            "0": 0.9288003444671631,
            "1": 0.8688790202140808
        }
    }
}