{
    "affinity_pred_value": -0.7944781184196472,
    "affinity_probability_binary": 0.7462812662124634,
    "affinity_pred_value1": -0.8249340653419495,
    "affinity_probability_binary1": 0.7934751510620117,
    "affinity_pred_value2": -0.764022171497345,
    "affinity_probability_binary2": 0.6990873217582703
}