{
    "confidence_score": 0.9607303738594055,
    "ptm": 0.9759118556976318,
    "iptm": 0.9179949164390564,
    "ligand_iptm": 0.9179949164390564,
    "protein_iptm": 0.0,
    "complex_plddt": 0.9714142680168152,
    "complex_iplddt": 0.9233235120773315,
    "complex_pde": 0.34758514165878296,
    "complex_ipde": 0.5967608690261841,
    "chains_ptm": {
        "0": 0.9855205416679382,
        "1": 0.867261528968811
    },
    "pair_chains_iptm": {
        "0": {
            "0": 0.9855205416679382,
            "1": 0.6624511480331421
        },
        "1": {
            "0": 0.9179949164390564,
            "1": 0.867261528968811
        }
    }
}