{
    "affinity_pred_value": -0.8172215223312378,
    "affinity_probability_binary": 0.9193522930145264,
    "affinity_pred_value1": -1.1969345808029175,
    "affinity_probability_binary1": 0.9540917277336121,
    "affinity_pred_value2": -0.4375084340572357,
    "affinity_probability_binary2": 0.8846129179000854
}