{
    "confidence_score": 0.982167661190033,
    "ptm": 0.9859710335731506,
    "iptm": 0.9835129380226135,
    "ligand_iptm": 0.9835129380226135,
    "protein_iptm": 0.0,
    "complex_plddt": 0.9818312525749207,
    "complex_iplddt": 0.9697638154029846,
    "complex_pde": 0.28530651330947876,
    "complex_ipde": 0.34026747941970825,
    "chains_ptm": {
        "0": 0.9867265820503235,
        "1": 0.9483623504638672
    },
    "pair_chains_iptm": {
        "0": {
            "0": 0.9867265820503235,
            "1": 0.7604023814201355
        },
        "1": {
            "0": 0.9835129380226135,
            "1": 0.9483623504638672
        }
    }
}