{
    "affinity_pred_value": -0.6801199316978455,
    "affinity_probability_binary": 0.48398107290267944,
    "affinity_pred_value1": -0.7327606678009033,
    "affinity_probability_binary1": 0.3347177505493164,
    "affinity_pred_value2": -0.6274791955947876,
    "affinity_probability_binary2": 0.6332443952560425
}