{
    "affinity_pred_value": -0.8557614088058472,
    "affinity_probability_binary": 0.9205096960067749,
    "affinity_pred_value1": -1.2333887815475464,
    "affinity_probability_binary1": 0.9540974497795105,
    "affinity_pred_value2": -0.4781340956687927,
    "affinity_probability_binary2": 0.8869219422340393
}