{
    "confidence_score": 0.9795005917549133,
    "ptm": 0.9842248558998108,
    "iptm": 0.9753955006599426,
    "ligand_iptm": 0.9753955006599426,
    "protein_iptm": 0.0,
    "complex_plddt": 0.9805268049240112,
    "complex_iplddt": 0.9659631848335266,
    "complex_pde": 0.29924342036247253,
    "complex_ipde": 0.3949306309223175,
    "chains_ptm": {
        "0": 0.9856500029563904,
        "1": 0.9347861409187317
    },
    "pair_chains_iptm": {
        "0": {
            "0": 0.9856500029563904,
            "1": 0.7313362956047058
        },
        "1": {
            "0": 0.9753955006599426,
            "1": 0.9347861409187317
        }
    }
}