{
    "confidence_score": 0.9667860865592957,
    "ptm": 0.9792385697364807,
    "iptm": 0.9522683620452881,
    "ligand_iptm": 0.9522683620452881,
    "protein_iptm": 0.0,
    "complex_plddt": 0.9704155325889587,
    "complex_iplddt": 0.9302804470062256,
    "complex_pde": 0.33195462822914124,
    "complex_ipde": 0.5624707937240601,
    "chains_ptm": {
        "0": 0.9837884306907654,
        "1": 0.8720464110374451
    },
    "pair_chains_iptm": {
        "0": {
            "0": 0.9837884306907654,
            "1": 0.5731784701347351
        },
        "1": {
            "0": 0.9522683620452881,
            "1": 0.8720464110374451
        }
    }
}