{
    "affinity_pred_value": -1.1634066104888916,
    "affinity_probability_binary": 0.9504366517066956,
    "affinity_pred_value1": -1.3400362730026245,
    "affinity_probability_binary1": 0.9797077178955078,
    "affinity_pred_value2": -0.9867768883705139,
    "affinity_probability_binary2": 0.9211655855178833
}