{
    "confidence_score": 0.9820002913475037,
    "ptm": 0.9864825010299683,
    "iptm": 0.9848329424858093,
    "ligand_iptm": 0.9848329424858093,
    "protein_iptm": 0.0,
    "complex_plddt": 0.9812921285629272,
    "complex_iplddt": 0.9697498083114624,
    "complex_pde": 0.28604602813720703,
    "complex_ipde": 0.331582248210907,
    "chains_ptm": {
        "0": 0.9872724413871765,
        "1": 0.9498947858810425
    },
    "pair_chains_iptm": {
        "0": {
            "0": 0.9872724413871765,
            "1": 0.7710040807723999
        },
        "1": {
            "0": 0.9848329424858093,
            "1": 0.9498947858810425
        }
    }
}